"-제    품    명구매수량가 격 정 보비 고모델명(코드):2422603[일본 직수입] 로션 주입 주사기 세트(激安リューブシリンジセット) (NS)13,000 원1 개△▼가 격 :13,000 원적립금 :1,300 원모델명(코드):2415781[일본 직수입] 애널 전용 젤 블랑 시크릿 스텐다드(Rends ブラン・シークレット スタンダード) - 항문용 실리콘 젤/렌즈(LC)35,000 원1 개△▼가 격 :35,000 원적립금 :3,500 원모델명(코드):2415801[최고급 실리콘] 루어 미 버트 플러그 슬림 5인치(Lovetoy Lure Me Butt Plug Slim 5-inch) - 러브토이(BK17L) (LVT)22,000 원색상 :1 개△▼가 격 :22,000 원적립금 :2,200 원[기본 배송비 정보]      30,000 원 미만2,500 원       30,000 원 이상0 원 ※ 배송지가 2군데 이상일 경우는 각각 주문 필요전체 상품가격70,000 원기본  배 송 비0 원개별  배 송 비0 원총  배 송 비0 원총 결제금액70,000 원",속성," 1"," 2"," 3"," 4"," 5",-,1 개,1 개 1,"1,300 원","13,000 원","13,000 원 1","35,000 원",△▼,가 격 :,"가 격 :13,000 원적립금 :1,300 원",가 격 정 보,구매수량,모델명(코드):2415781[일본 직수입] 애널 전용 젤 블랑 시크릿 스텐다드(Rends ブラン・シークレット スタンダード) - 항문용 실리콘 젤/렌즈(LC),"모델명(코드):2415781[일본 직수입] 애널 전용 젤 블랑 시크릿 스텐다드(Rends ブラン・シークレット スタンダード) - 항문용 실리콘 젤/렌즈(LC)35,000 원","모델명(코드):2415781[일본 직수입] 애널 전용 젤 블랑 시크릿 스텐다드(Rends ブラン・シークレット スタンダード) - 항문용 실리콘 젤/렌즈(LC)35,000 원 1",모델명(코드):2422603[일본 직수입] 로션 주입 주사기 세트(激安リューブシリンジセット) (NS),"모델명(코드):2422603[일본 직수입] 로션 주입 주사기 세트(激安リューブシリンジセット) (NS)13,000 원","모델명(코드):2422603[일본 직수입] 로션 주입 주사기 세트(激安リューブシリンジセット) (NS)13,000 원 1",비 고,적립금 :,제    품    명
[기본 배송비 정보],,,,,,,,,,,,,,,,,,,,,,,,,,,
"모델명(코드):2422603[일본 직수입] 로션 주입 주사기 세트(激安リューブシリンジセット) (NS)13,000 원",,,,,모델명(코드):2422603[일본 직수입] 로션 주입 주사기 세트(激安リューブシリンジセット) (NS),"13,000 원",,,,,,,,,,,,,,,,,,,,,
적립금 :,,,,,"1,300 원",,,,,,,,,,,,,,,,,,,,,,
,△▼,,,모델명(코드):2415801[최고급 실리콘] 루어 미 버트 플러그 슬림 5인치(Lovetoy Lure Me Butt Plug Slim 5-inch) - 러브토이(BK17L) (LVT),"모델명(코드):2415801[최고급 실리콘] 루어 미 버트 플러그 슬림 5인치(Lovetoy Lure Me Butt Plug Slim 5-inch) - 러브토이(BK17L) (LVT)22,000 원색상 :","모델명(코드):2415801[최고급 실리콘] 루어 미 버트 플러그 슬림 5인치(Lovetoy Lure Me Butt Plug Slim 5-inch) - 러브토이(BK17L) (LVT)22,000 원색상 :","22,000 원","2,200 원",,,적립금 :,,,,,,,,,,,"22,000 원",가 격 :,"가 격 :22,000 원적립금 :2,200 원",1 개,,색상 :
,"13,000 원",,,모델명(코드):2422603[일본 직수입] 로션 주입 주사기 세트(激安リューブシリンジセット) (NS),"모델명(코드):2422603[일본 직수입] 로션 주입 주사기 세트(激安リューブシリンジセット) (NS)13,000 원","모델명(코드):2422603[일본 직수입] 로션 주입 주사기 세트(激安リューブシリンジセット) (NS)13,000 원","13,000 원",,,,,,,,,,"가 격 :13,000 원적립금 :1,300 원",△▼,,,,,"1,300 원",적립금 :,가 격 :,,1 개
[기본 배송비 정보],,,,,[기본 배송비 정보],,,,,,,,,,,,,,,,,,,,,,
"모델명(코드):2415801[최고급 실리콘] 루어 미 버트 플러그 슬림 5인치(Lovetoy Lure Me Butt Plug Slim 5-inch) - 러브토이(BK17L) (LVT)22,000 원색상 :",,,,색상 :,모델명(코드):2415801[최고급 실리콘] 루어 미 버트 플러그 슬림 5인치(Lovetoy Lure Me Butt Plug Slim 5-inch) - 러브토이(BK17L) (LVT),"22,000 원",,,,,,,,,,,,,,,,,,,,,
-,,,,가 격 정 보,제    품    명,구매수량,비 고,,,,,,,,,,,,,,,,,,,,
가 격 :,,,,,"13,000 원",,,,,,,,,,,,,,,,,,,,,,
가 격 :,,,,,"22,000 원",,,,,,,,,,,,,,,,,,,,,,
모델명(코드):2415801[최고급 실리콘] 루어 미 버트 플러그 슬림 5인치(Lovetoy Lure Me Butt Plug Slim 5-inch) - 러브토이(BK17L) (LVT),,,,,"22,000 원",,,,,,,,,,,,,,,,,,,,,,
가 격 :,,,,,"35,000 원",,,,,,,,,,,,,,,,,,,,,,
,,,,0 원,,"30,000 원 이상",,,,,,,,,,,,,,,,,,,,,
"[기본 배송비 정보]      30,000 원 미만2,500 원       30,000 원 이상0 원 ※ 배송지가 2군데 이상일 경우는 각각 주문 필요전체 상품가격70,000 원기본  배 송 비0 원개별  배 송 비0 원총  배 송 비0 원총 결제금액70,000 원",,개별  배 송 비,0 원,[기본 배송비 정보],"[기본 배송비 정보]      30,000 원 미만2,500 원       30,000 원 이상0 원 ※ 배송지가 2군데 이상일 경우는 각각 주문 필요",[기본 배송비 정보],,,"70,000 원",기본  배 송 비,0 원,전체 상품가격,총 결제금액,,"전체 상품가격70,000 원기본  배 송 비0 원개별  배 송 비0 원총  배 송 비0 원총 결제금액70,000 원",※ 배송지가 2군데 이상일 경우는 각각 주문 필요,"2,500 원","30,000 원 미만",0 원,0 원,총  배 송 비,"30,000 원 이상",,,,"70,000 원",
"[기본 배송비 정보]      30,000 원 미만2,500 원       30,000 원 이상0 원 ※ 배송지가 2군데 이상일 경우는 각각 주문 필요",,0 원,개별  배 송 비,,[기본 배송비 정보],[기본 배송비 정보],,,,0 원,,"70,000 원","70,000 원",※ 배송지가 2군데 이상일 경우는 각각 주문 필요,전체 상품가격,"전체 상품가격70,000 원기본  배 송 비0 원개별  배 송 비0 원총  배 송 비0 원총 결제금액70,000 원",,"2,500 원",총 결제금액,총  배 송 비,0 원,0 원,"30,000 원 이상",,,기본  배 송 비,"30,000 원 미만"
모델명(코드):2422603[일본 직수입] 로션 주입 주사기 세트(激安リューブシリンジセット) (NS),,,,,"13,000 원",,,,,,,,,,,,,,,,,,,,,,
기본  배 송 비,,,,,0 원,,,,,,,,,,,,,,,,,,,,,,
색상 :,,,,,,,,,,,,,,,,,,,,,,,,,,,
적립금 :,,,,,"2,200 원",,,,,,,,,,,,,,,,,,,,,,
,"35,000 원",,,모델명(코드):2415781[일본 직수입] 애널 전용 젤 블랑 시크릿 스텐다드(Rends ブラン・シークレット スタンダード) - 항문용 실리콘 젤/렌즈(LC),"모델명(코드):2415781[일본 직수입] 애널 전용 젤 블랑 시크릿 스텐다드(Rends ブラン・シークレット スタンダード) - 항문용 실리콘 젤/렌즈(LC)35,000 원","모델명(코드):2415781[일본 직수입] 애널 전용 젤 블랑 시크릿 스텐다드(Rends ブラン・シークレット スタンダード) - 항문용 실리콘 젤/렌즈(LC)35,000 원","35,000 원",,,,,,,,,,"가 격 :35,000 원적립금 :3,500 원",△▼,,,,,"3,500 원",적립금 :,가 격 :,,1 개
,,,,"2,500 원",,"30,000 원 미만",,,,,,,,,,,,,,,,,,,,,
총  배 송 비,,,,,0 원,,,,,,,,,,,,,,,,,,,,,,
모델명(코드):2415781[일본 직수입] 애널 전용 젤 블랑 시크릿 스텐다드(Rends ブラン・シークレット スタンダード) - 항문용 실리콘 젤/렌즈(LC),,,,,"35,000 원",,,,,,,,,,,,,,,,,,,,,,
총 결제금액,,,,,"70,000 원",,,,,,,,,,,,,,,,,,,,,,
"모델명(코드):2415781[일본 직수입] 애널 전용 젤 블랑 시크릿 스텐다드(Rends ブラン・シークレット スタンダード) - 항문용 실리콘 젤/렌즈(LC)35,000 원",,,,,모델명(코드):2415781[일본 직수입] 애널 전용 젤 블랑 시크릿 스텐다드(Rends ブラン・シークレット スタンダード) - 항문용 실리콘 젤/렌즈(LC),"35,000 원",,,,,,,,,,,,,,,,,,,,,
개별  배 송 비,,,,,0 원,,,,,,,,,,,,,,,,,,,,,,
전체 상품가격,,,,,"70,000 원",,,,,,,,,,,,,,,,,,,,,,
적립금 :,,,,,"3,500 원",,,,,,,,,,,,,,,,,,,,,,
※ 배송지가 2군데 이상일 경우는 각각 주문 필요,,,,,,,,,,,,,,,,,,,,,,,,,,,