BiomeID,Temperament,Medium,Gravity,Light,Weather,Orientation,Linearity,Narrowness,RoomScale,Archetype,DensityRatio,SecretChance,PaletteId,EnemySet,EntryGesture
plain,none,none,normal,whiteout,calm,OPEN,0.9,0.0,large,direct,14,0.1,iw_plain,sparse,alight
sea,iron,water,buoyant,bioluminescent,misttide,OPEN,0.7,0.1,large,wide_sprawl,12,0.2,iw_sea,sea,plunge
sewer,rust,acid,normal,dark,acidrain,V,0.3,0.9,small,branchy_maze,8,0.15,iw_sewer,sewer,drop
magma,forge,magma,floordeath,lavaglow,ember,V,0.6,0.5,medium,zigzag,10,0.15,iw_magma,magma,plunge
oil,shadow,oil,viscous,dark,dust,V,0.4,0.7,medium,spiral,9,0.2,iw_oil,oil,seep
ice,cyro,cyro,lowfriction,whiteout,blizzard,V,0.5,0.4,medium,switchback,11,0.1,iw_ice,ice,alight
charged,spark,charged,magrail,sparkglow,static,V,0.5,0.5,medium,switchback,10,0.15,iw_charged,charged,drop
void,none,void,lowgrav,silhouette,aurora,OPEN,0.6,0.2,large,wide_sprawl,12,0.2,iw_void,void,drift
collapse,none,collapse,endlessfall,single,dust,V,0.8,0.6,medium,direct,11,0.05,iw_collapse,collapse,freefall
